{
  "best_model_name": "Random Forest",
  "features": [
    "amount",
    "oldbalanceOrg",
    "newbalanceOrig",
    "oldbalanceDest",
    "newbalanceDest",
    "errorBalanceOrig",
    "errorBalanceDest",
    "origBalanceWiped",
    "destBalanceUnchanged",
    "amountToBalanceRatio",
    "unusuallogin",
    "nameDestIsMerchant",
    "DayOfWeek",
    "type_TRANSFER"
  ],
  "results": {
    "Logistic Regression": {
      "precision": 0.3043,
      "recall": 1.0,
      "f1": 0.4667,
      "roc_auc": 0.9982,
      "pr_auc": 0.9575
    },
    "Random Forest": {
      "precision": 1.0,
      "recall": 1.0,
      "f1": 1.0,
      "roc_auc": 1.0,
      "pr_auc": 1.0
    },
    "XGBoost": {
      "precision": 0.8235,
      "recall": 1.0,
      "f1": 0.9032,
      "roc_auc": 1.0,
      "pr_auc": 1.0
    }
  },
  "confusion_matrix": [
    [
      440,
      0
    ],
    [
      0,
      14
    ]
  ],
  "test_size": 454,
  "test_fraud_count": 14,
  "roc_curve": {
    "fpr": [
      0.0,
      0.0,
      0.0,
      0.013636363636363636,
      0.01818181818181818,
      0.031818181818181815,
      0.038636363636363635,
      0.04318181818181818,
      0.05227272727272727,
      0.056818181818181816,
      0.07045454545454545,
      0.08409090909090909,
      0.10454545454545454,
      0.1159090909090909,
      0.12045454545454545,
      0.12272727272727273,
      0.16136363636363638,
      0.16363636363636364,
      0.16818181818181818,
      0.17272727272727273,
      0.18636363636363637,
      0.19545454545454546,
      0.19772727272727272,
      1.0
    ],
    "tpr": [
      0.0,
      0.07142857142857142,
      1.0,
      1.0,
      1.0,
      1.0,
      1.0,
      1.0,
      1.0,
      1.0,
      1.0,
      1.0,
      1.0,
      1.0,
      1.0,
      1.0,
      1.0,
      1.0,
      1.0,
      1.0,
      1.0,
      1.0,
      1.0,
      1.0
    ]
  },
  "pr_curve": {
    "precision": [
      0.030837004405286344,
      0.13861386138613863,
      0.14,
      0.14583333333333334,
      0.14893617021276595,
      0.15217391304347827,
      0.15555555555555556,
      0.15730337078651685,
      0.1590909090909091,
      0.16279069767441862,
      0.16470588235294117,
      0.20588235294117646,
      0.208955223880597,
      0.2153846153846154,
      0.21875,
      0.2222222222222222,
      0.22580645161290322,
      0.22950819672131148,
      0.23333333333333334,
      0.27450980392156865,
      0.28,
      0.2857142857142857,
      0.2916666666666667,
      0.2978723404255319,
      0.30434782608695654,
      0.3111111111111111,
      0.358974358974359,
      0.3684210526315789,
      0.3783783783783784,
      0.4,
      0.42424242424242425,
      0.4375,
      0.45161290322580644,
      0.5,
      0.5185185185185185,
      0.5384615384615384,
      0.56,
      0.5833333333333334,
      0.6086956521739131,
      0.6363636363636364,
      0.7,
      0.7368421052631579,
      0.7777777777777778,
      0.8235294117647058,
      0.875,
      0.9333333333333333,
      1.0,
      1.0,
      1.0,
      1.0,
      1.0,
      1.0,
      1.0,
      1.0,
      1.0,
      1.0,
      1.0,
      1.0,
      1.0,
      1.0,
      1.0
    ],
    "recall": [
      1.0,
      1.0,
      1.0,
      1.0,
      1.0,
      1.0,
      1.0,
      1.0,
      1.0,
      1.0,
      1.0,
      1.0,
      1.0,
      1.0,
      1.0,
      1.0,
      1.0,
      1.0,
      1.0,
      1.0,
      1.0,
      1.0,
      1.0,
      1.0,
      1.0,
      1.0,
      1.0,
      1.0,
      1.0,
      1.0,
      1.0,
      1.0,
      1.0,
      1.0,
      1.0,
      1.0,
      1.0,
      1.0,
      1.0,
      1.0,
      1.0,
      1.0,
      1.0,
      1.0,
      1.0,
      1.0,
      1.0,
      0.9285714285714286,
      0.8571428571428571,
      0.7857142857142857,
      0.7142857142857143,
      0.6428571428571429,
      0.5714285714285714,
      0.5,
      0.42857142857142855,
      0.35714285714285715,
      0.2857142857142857,
      0.21428571428571427,
      0.14285714285714285,
      0.07142857142857142,
      0.0
    ]
  },
  "feature_importance": {
    "amountToBalanceRatio": 0.2883,
    "errorBalanceOrig": 0.2362,
    "origBalanceWiped": 0.1047,
    "oldbalanceOrg": 0.0828,
    "oldbalanceDest": 0.0826,
    "newbalanceDest": 0.0485,
    "newbalanceOrig": 0.0405,
    "unusuallogin": 0.0372,
    "amount": 0.0356,
    "destBalanceUnchanged": 0.018,
    "errorBalanceDest": 0.0158,
    "type_TRANSFER": 0.0057,
    "DayOfWeek": 0.004,
    "nameDestIsMerchant": 0.0
  }
}